{
    "APDS9960_CATEGORY": "APDS9960",
    "APDS9960_INIT": "init apds9960",
    "APDS9960_ISGESTUREAVAILABLE": "apds9960 gesture data ready?",
    "APDS9960_READGESTURE": "apds9960 read gesture",
    "APDS9960_ISGESTURE": "apds9960 read gesture %1?",
    "APDS9960_GESTURE_UP": "up",
    "APDS9960_GESTURE_DOWN": "down",
    "APDS9960_GESTURE_LEFT": "left",
    "APDS9960_GESTURE_RIGHT": "right",
    "APDS9960_ISPROXIMITYAVAILABLE": "apds9960 color data available?",
    "APDS9960_READPROXIMITY": "apds9960 read proximity"
}