{
    "FOURDIGITCLOCKDISPLAY_CATEGORY": "4-Digit Clock Display",
    "FOURDIGITCLOCKDISPLAY_INIT": "init 4-digit clock display pin DIO %1 CLK %2",
    "FOURDIGITCLOCKDISPLAY_SETBRIGHTNESS": "set 4-digit clock display brightness %1",
    "FOURDIGITCLOCKDISPLAY_DISPLAYNUMBER": "4-digit clock display show number %1",
    "FOURDIGITCLOCKDISPLAY_DISPLAYSTRING": "4-digit clock display show string %1",
    "FOURDIGITCLOCKDISPLAY_DISPLAY": "4-digit clock display show %1 at bit %2",
    "FOURDIGITCLOCKDISPLAY_SETPOINT": "4-digit clock display set point %1",
    "FOURDIGITCLOCKDISPLAY_STATE_ON": "on",
    "FOURDIGITCLOCKDISPLAY_STATE_OFF": "off",
    "FOURDIGITCLOCKDISPLAY_SETPOINT_TOOLTIP": "It will take effect after the next update of the display.",
    "FOURDIGITCLOCKDISPLAY_CLEAR": "clear 4-digit clock display"
}